1,Sile,Independencia,15038
2,Eachelle,Xiguantun Muguzu Manzuxiang,15722
3,Llewellyn,Norrtälje,4929
4,Feodora,Las Palomas,7484
5,Maurizia,Spanish Town,2202
6,Serena,Candijay,17588
7,Karee,Verkhnyaya Khava,8922
8,Ede,Uji,5194
9,Wanids,Apuri,8748
10,Merola,Sholokhove,5294
11,Seamus,Emiliano Zapata,8788
12,Vincents,Santa Bárbara d'Oeste,3588
13,Garfield,Qingtang,16771
14,Marv,Amboasary,14252
15,Sonnie,Chenzhou,18138
16,Toinette,Ödeshög,14699
17,Mortie,Nūr,19137
18,Aubrey,Pasiripis,18269
19,Francesca,Vostryakovo,1879
20,Hulda,Oropesa,6173
21,Erminia,Albacete,2710
22,Dyanne,Martensville,1037
23,Ignacio,Matou,15535
24,Bev,Ursk,3604
25,Marlo,Voinjama,14594
26,Stafani,Kaputian,4203
27,Rosie,Mons,5507
28,Annabel,Tomdibuloq,2371
29,Uriel,Chardonnière,8698
30,Josepha,Mayisad,2977
31,Goldarina,Thị Trấn Mường Khến,15262
32,Grange,Santa Rita,9235
33,Cortney,Borzęta,8674
34,Lisabeth,Andapa,19175
35,Cassey,Kuantan,19932
36,Nels,Maoping,14200
37,Becky,København,8371
38,Dermot,Silva Jardim,17297
39,Craig,Rakhmanovo,7545
40,Austina,Gouveia,13737
41,Tommy,Santo Amaro,8204
42,Page,Nekla,1821
43,Georgiana,El Paso,11248
44,Shandy,Bojadła,7335
45,Agretha,Karangtengah Lor,13870
46,Maudie,Rydułtowy,17072
47,Niall,Esperança,13557
48,Karlen,Berkovitsa,16300
49,Carlyle,Uyugan,13220
50,Tanya,Nongba,9740
51,Erroll,Lukulu,10872
52,Melisandra,Kajiado,9155
53,Randell,Stockholm,15825
54,Malory,Yintang,16884
55,Taryn,Portel,8899
56,Avigdor,Lulindi,12359
57,Danette,Yanhu,1156
58,Bowie,Wañgan,5971
59,Jacob,Glubokiy,9295
60,Emmy,Shuiche,10662
61,Jamie,São Marcos,12476
62,Connor,Pinheiro,7092
63,Conrade,Bozoum,18353
64,Alister,Point Hill,1247
65,Morena,Balgarevo,15588
66,Mohandas,Jimsar,16881
67,Felipa,Montinho,10246
68,Chad,Monte Aprazível,6721
69,Lenora,Al Lagowa,5049
70,Hans,Farsta,2126
71,Grace,Daugai,9560
72,Terrie,Cocachacra,16647
73,Hernando,Jinjing,5618
74,Ulrica,Chaoyang,12520
75,Pennie,Alor Setar,7095
76,Timotheus,Johor Bahru,18528
77,Chet,Aghajari,11982
78,Kyla,Pong,6791
79,Paola,Guacamaya,13631
80,Nerita,Krasnogorsk,9413
81,Kimble,Guizi,12105
82,Charil,Oslo,3611
83,Powell,Picoto,19738
84,Crawford,Kanugrahan,12781
85,Maddy,Mazongshan,7741
86,Horace,Jiawu,10162
87,Munroe,Bāfq,11617
88,Normand,Ticllos,10751
89,Lucius,Damiao,17899
90,Kennedy,Velas,8996
91,Karilynn,Funehikimachi-funehiki,5715
92,Briney,Congkar,4518
93,Laurent,Hövsan,3546
94,Analiese,Qinlan,8092
95,Pippa,Port Nolloth,3492
96,Normand,Duncans,6772
97,Yvette,Igarapé Açu,5524
98,Rita,Staraya Ladoga,9293
99,Marshal,San Martin,11791
100,Joline,Ijūin,13707
101,Sula,Icó,15885
102,Clifford,Shuanggang,14118
103,Babita,Quinta de Valadares,17838
104,Torrie,Juatuba,4507
105,Merrie,Pinara,5862
106,Happy,Piru,5996
107,Josephine,Landskrona,10867
108,Prent,Wręczyca Wielka,8409
109,Verine,Yinjiacheng,5158
110,Derron,Fradelos,18446
111,Marcia,Lezhu,7633
112,Mic,Sasovo,11472
113,Phylys,Fenoarivo Be,5737
114,Baillie,Fálanna,18814
115,Darby,Wanganui,18063
116,Lynn,Granja do Tedo,18834
117,Gianina,Sujitan,11113
118,Bearnard,Sing Buri,11448
119,Allissa,Zhujiatai,11944
120,Forbes,Lazaro Cardenas,9112
121,Symon,Nueva Germania,14519
122,Alena,Pueblo Nuevo,7469
123,Magda,Buriwutung,7898
124,Kathye,Voloka,5289
125,Sigismondo,Bouillon,18000
126,Jodee,General Conesa,19999
127,Carroll,Gaojingzhuang,11945
128,Shalna,Dijon,17952
129,Ogden,Merke,8110
130,Isacco,San Francisco,12939
131,Leigh,Pasco,4828
132,Granny,Chunmuying,18048
133,Dominick,Ebebiyin,7979
134,Hadleigh,Skinnskatteberg,14884
135,Roderich,Huaniao,14029
136,Nicky,Agboville,6982
137,Justin,San Jose,9484
138,Lida,Bacong,12347
139,Irwinn,Guadalupe,13379
140,Noel,Bronnitsy,8174
141,Jamil,Kassiri,2039
142,Gaynor,Lappajärvi,3563
143,Shawn,Tampekan,16338
144,Karee,Xichangmen,16004
145,Carrol,Bürenhayrhan,2095
146,Zia,Mengxi,7961
147,Melony,Pinggan,12385
148,Prissie,Guta,12795
149,Dayna,Zhoupu,16230
150,Calida,Pahing Jalatrang,14161
151,Colby,Yangji,18931
152,Bathsheba,Zhougao,6048
153,Dukey,Sukawening,18630
154,Teddy,Santa Rita do Passa Quatro,4595
155,Piggy,Taoling,17895
156,Zara,Reutlingen,6575
157,Gay,Jenang Selatan,18500
158,Olivette,Huité,1636
159,Obidiah,Zhuxi Chengguanzhen,10096
160,Felecia,Uhlove,6914
161,Dewitt,Baimajing,9223
162,Aylmer,Tuchoměřice,1857
163,Luca,Gilowice,6600
164,Abbie,Abuxarda,4889
165,Janek,Újezd,14726
166,Avrom,Pavlysh,1030
167,Griz,Jamshoro,18426
168,Carlin,Pirassununga,8287
169,Leonanie,Tiaodeng,9407
170,Fina,Liwale,16527
171,Kelbee,Artémida,11879
172,Jorey,Piła,5560
173,Nataline,Białogard,4497
174,Cassey,Krajan,8074
175,Sophia,Pitangui,13529
176,Shannon,Sungaibengkal,3130
177,Elset,Sankwia,11697
178,Arlina,Ar Riqāmā,2643
179,Arlette,Gucun,14666
180,Renaldo,Berezanka,8763
181,Merna,Harrison Brook,10476
182,Rayna,Takai,14189
183,Zonda,Yisuhe,4960
184,Si,Apucarana,4703
185,Ingrid,Ailigandí,8561
186,Gaspard,Cuamba,16661
187,Rollie,La Mesa,1104
188,Cora,Tozeur,1750
189,Daron,San Marcos,7401
190,Mollie,Houston,18919
191,Damiano,Amado Nervo,10052
192,Tedman,La Cumbre,8337
193,Talya,Khodzhi-Gasan,1558
194,Jasmina,Moerewa,2555
195,Bertrando,Brodósqui,5733
196,Sofie,Lyubymivka,18667
197,Pattin,Bolaoit,16937
198,Rebe,Nová Cerekev,2131
199,Gustavus,Lemland,3618
200,Jordain,Kedungasem,12138
201,Benny,Koukkuniemi,10923
202,Orazio,Sobang,8430
203,Gordie,Ilanskiy,10093
204,Mayer,Gaoqiao,15020
205,Bastian,Nova Friburgo,16563
206,Livia,Kemlya,4034
207,Alexi,Kendaruan,14524
208,Cinderella,Riachão do Jacuípe,1107
209,Jordain,Jiefu,14431
210,Angelia,Hats’avan,12829
211,Shari,Medenychi,8682
212,Judd,Hepang,1103
213,Rooney,Saguing,15184
214,Kirby,‘Arad,8076
215,Pammi,Anzi,17466
216,Oliy,Salaverry,13101
217,Micheline,Qal‘at al Andalus,9566
218,Lannie,Mangga Dua,3085
219,Moina,Toledo,2631
220,Caril,Paleran,17388
221,Dal,Américo Brasiliense,2789
222,Wilhelmina,Zhongcun,8868
223,Mirabella,Sundsvall,13765
224,Corabelle,San Pedro,13302
225,Bill,Pagelaran,10422
226,Rik,Kaka,13637
227,Nannie,Iwata,6570
228,Lowell,Modřice,9236
229,Roselle,Dinggou,4979
230,Ardra,Matara,6352
231,Kylie,Tortosa,17356
232,Shirlee,Vukojevci,9643
233,Corena,Dongxi,1883
234,Barnabe,La Sierpe,12002
235,Vivia,La Cruz de Río Grande,17652
236,Nickola,Majennang,16633
237,Betsy,Saint-Priest,16759
238,Faunie,Oranjestad,4165
239,Kristyn,Alíartos,14225
240,Jonis,Арачиново,8084
241,Donalt,Dolní Bojanovice,14485
242,Martie,Mahébourg,17315
243,Bridgette,Queluz de Baixo,6537
244,Shirlee,Estelí,1198
245,Dniren,Ranao,19245
246,Tom,Itatuba,10183
247,Bastian,Bantar Tengah,13170
248,Imojean,Nangka,12340
249,Mart,Czarnowąsy,11428
250,Matthew,Wissous,16411
251,Katuscha,Kankan,6704
252,Shayne,Kurye,10218
253,Sherlock,Hujra,14604
254,Korney,Miskolc,12358
255,Helen-elizabeth,‘Afrīn,1310
256,Antonella,Siilinjärvi,2970
257,Dido,João Pessoa,13979
258,Karolina,Chengguan,10056
259,Bartholemy,Tiên Lãng,6354
260,Mohandas,Fenghuang,10541
261,Sianna,Jingdu,4363
262,Maryjo,Huaquirca,9041
263,Fae,La Mula,3414
264,Constancy,Jagupit,14704
265,Zarla,Yuhuang,3481
266,Kipp,Xinqiao,11604
267,Alex,Yilkiqi,2614
268,Nicoli,Banjarjo,15079
269,Reuben,Al Miqdādīyah,4698
270,Aundrea,Brejoeira,19913
271,Ashlen,Andrézieux-Bouthéon,4572
272,Augusta,Ushuaia,8427
273,Rhiamon,Kisanga,7516
274,Hershel,Sigayevo,11653
275,Rawley,Chemnitz,5037
276,Terra,Busalangga,8712
277,Fredra,Arkalyk,12704
278,Jessie,Kemijärvi,1344
279,Gwenora,Karema,3428
280,Creigh,Binalonan,13314
281,Ibby,Pavlovka,1556
282,Andrej,São Joaquim,11341
283,Darbie,Gedangan,18597
284,Maudie,Kemiri Daya,17771
285,Russ,Jevišovice,17657
286,Tammy,Wanju,1837
287,Frederik,Verd,8542
288,Bettine,Władysławowo,10291
289,Isa,Shuimen,8398
290,Kay,Khoronk’,16451
291,Theda,Mýto,5435
292,Eudora,Paris 01,4353
293,Ashia,Daphu,14535
294,Annalee,Drochia,12791
295,Verene,Volochys’k,8459
296,Harald,Guangfu,3088
297,Ernestine,Kedungsinggil,12144
298,Merridie,Xinrong,5807
299,Concettina,Sigayevo,12109
300,Farrand,Dauriya,9520
301,Sarina,Corredoura,8565
302,Frannie,Zagórnik,5820
303,Papageno,Seboruco,17951
304,Brice,Uva,5649
305,Ashia,Havířov,6758
306,Staford,Yelkhovka,3268
307,Aaron,Nicola Town,18526
308,Bryna,Tilang,13930
309,Faustine,Chinju,9428
310,Allan,Santa Monica,16151
311,Prentiss,Mene de Mauroa,4577
312,Jamie,Cakran,18656
313,Lela,Betong,18610
314,Farlee,Jinping,17977
315,Marco,Sobradinho,11468
316,Averil,Huiqi,19525
317,Wynn,Nam Som,11174
318,Fransisco,Baolin,9478
319,Lorie,Port Saint John’s,6065
320,Ximenes,Raleigh,6504
321,Nilson,Gandorhun,14432
322,Norton,Danirai,17102
323,Darell,Cabo de Vila,11834
324,Merell,San Fabian,3098
325,Kelbee,Prigrevica,18405
326,Elvina,Cigeulis,8753
327,Leeland,Tanzhou,8157
328,Reba,Santiago,8758
329,Juli,Kototujuh,2459
330,Alfy,Ciawitali,14844
331,Ahmad,Muxagata,18648
332,Hartwell,Sīlat al Ḩārithīyah,12300
333,Tobey,Huaihua,16372
334,Flora,Tangwang,6203
335,Doralin,Karanganyar,16584
336,Theadora,Kayl,5661
337,Jaquith,Novyy Svit,6702
338,Neill,Saint-Denis,8434
339,Irena,Kawagoe,10225
340,Roberta,Metsemotlhaba,5824
341,Marty,Masku,9647
342,Nikki,La Fortuna,4120
343,Nina,Skövde,4639
344,Brigham,Varna,3786
345,Theressa,Balpyk Bī,9095
346,Lion,Yangjiaping,2403
347,Christiane,Smarhon’,3543
348,Waldemar,Sogod,14428
349,Gregorio,San Francisco,10946
350,Ferdinanda,Fuchang,16650
351,Ransom,Mariposa,1766
352,Eldridge,Póvoa,14391
353,Devonne,Šabac,3889
354,Skipper,Paungde,6873
355,Antonina,Noenoni,3557
356,Julie,Torbay,10842
357,Elliott,Tagbilaran City,9675
358,Dav,Del Valle,5490
359,Lenette,Zhangting,16895
360,Lea,Planaltina,11925
361,Oswald,Kvartsitnyy,13511
362,Riane,Svyatogorsk,4973
363,Carlene,Spartanburg,18989
364,Gerrie,Stockholm,10217
365,Chadwick,Nunbaundelha,12739
366,Ellynn,Rocky Mountain House,3415
367,Kyle,Guadalupe,9225
368,Trev,Raków,17559
369,Marja,Drásov,1986
370,Aidan,Pryamitsyno,6815
371,Humbert,Ts’khinvali,11633
372,Kathryne,La Libertad,12304
373,Lydie,Hongor,9783
374,Decca,Datang,7168
375,Alexandr,Bembèrèkè,8724
376,Phylis,Rafaela,17027
377,Freedman,Don Chedi,10728
378,Willy,Sabana Grande de Boyá,7716
379,Shurlocke,Jiangyin,11657
380,Buddie,Licheng,9206
381,Alfie,Kōnosu,19336
382,Carolee,Xuji,4716
383,Dov,Caminaca,15777
384,Zorah,Volkhovskiy,11658
385,Karlotte,Photharam,15618
386,Pip,Birnin Kebbi,1174
387,Alessandra,Prómachoi,12949
388,Rand,Soly,17338
389,Pam,Arcueil,1203
390,Corey,Vạn Giã,12859
391,Willie,Al Jamīmah,4174
392,Abbi,Lacdayan,7072
393,Joanie,Jindou,5117
394,Marius,Enjiang,14618
395,Magdalen,Río Hondo,17089
396,Twila,San Francisco,10730
397,Ardene,Futuroscope,12654
398,Dmitri,Kertamukti,11800
399,Gregor,Dongda,15036
400,Max,Hexi,9664
401,Consuelo,Pasar Kulon,13855
402,Mathian,Pereira,10839
403,Kerri,Serov,14158
404,Woodie,Baohe,1789
405,Jamal,Augustów,16229
406,Astrix,Rowotengah,3164
407,Angelita,Kafr Thulth,19315
408,Libbey,Voskop,10783
409,Paulie,Polo,12738
410,Emlen,Taman,12602
411,Annora,Rajapeni,11813
412,Hagen,Jardim,14556
413,Adina,Lumil,19963
414,Reinaldo,Jaroměř,12032
415,Waverley,Horad Smalyavichy,14927
416,Katleen,Al Balyanā,14889
417,Molly,Karlstad,10425
418,Rey,Minador do Negrão,1609
419,Noach,Härnösand,19454
420,Rebekah,Maromitsa,12218
421,Valencia,Koran,18432
422,Kelila,Nahrīn,16850
423,Katya,Khorosheve,6925
424,Agosto,Batulawang,6211
425,Rustin,Huilong,13603
426,Maggi,Scranton,11239
427,Teodora,Proletarskiy,13663
428,Rouvin,Wysoka,11995
429,Darice,Gangmei,17812
430,Karee,Krasnyy Yar,6997
431,Gael,Sigou,6905
432,Teriann,Khong Chai,14436
433,Cherlyn,Zhlobin,9272
434,Melinda,Granard,17994
435,Ardenia,Bernay,14464
436,Kelsy,Pangradin Satu,13678
437,Arabela,Karangpeton,2105
438,Iris,Micheng,12372
439,Ev,Ključ,13870
440,Pansie,Suru,17459
441,Murray,La Clotilde,13256
442,Pasquale,Bambang,10155
443,Arri,Tanūmah,5010
444,Farah,Topchikha,4979
445,Cornela,Saint-Joseph-de-Coleraine,16478
446,Randie,Shuibian,12250
447,Chrysler,Sukasari,14812
448,Lynelle,Xinglong,4280
449,Cleo,Sasebo,18823
450,Cecelia,Non Sang,6335
451,Cosimo,Janūb as Surrah,6193
452,Brandon,Norrköping,13880
453,Marcel,Nubma,16116
454,Efrem,Hevlín,18567
455,Debor,Miyoshi,6153
456,Teddie,Trikora,5515
457,Dennison,Orsay,19524
458,Katlin,Maria,3373
459,Lew,Las Vegas,19082
460,Matthew,Carrascal,11786
461,Dillon,Songhu,9693
462,Dean,Rakhmanovo,11134
463,Cindelyn,Yiqi,5834
464,Sheffy,Pinheiro,17282
465,Edvard,Al Manzilah,10070
466,Fancie,Qingyang,8992
467,Wendell,Acobamba,19897
468,Guthrie,Samanggen,18598
469,Gabriela,Nässjö,19591
470,Annaliese,Krmelín,7209
471,Juliette,Palmira,10734
472,Charmine,Maştağa,13846
473,Hedwiga,Gondang,1720
474,Norris,Sung Noen,15333
475,Alameda,Presidente Epitácio,1018
476,Ania,Xinzhou,9324
477,Ramon,Bolo,16077
478,Corilla,Lebak,7870
479,Mignon,Hetang,5116
480,Shanan,Baru,19047
481,Kelcy,Brijest,15697
482,Wilden,Tahala,18360
483,Ivette,Zhangdian,7463
484,Rosalie,Kadubetara,7241
485,Maribeth,Novaya Tavolzhanka,5301
486,Leora,Yunji,5682
487,Hubey,Xiongguan,16452
488,Tricia,Jindong,14783
489,Gertrudis,Chinchero,18013
490,Galven,Hartford,8076
491,Isacco,Fundong,2725
492,Krisha,Pesucen,5068
493,Emilee,Mangunjaya,6162
494,Marleah,Tugdan,1228
495,Margalo,Grazhdanka,6627
496,Sidnee,Louiseville,17613
497,Sargent,Panikihan,4896
498,Claudie,Archis,16260
499,Rasla,Mileb,2265
500,Cathrine,Donghui,4486
501,Abner,Janagdong,8422
502,Debbie,Arteche,7150
503,Tulley,Baini,4159
504,Brannon,Trashigang,11259
505,Audi,Wutumeiren,10625
506,Leonanie,Krasnoshchekovo,17078
507,Hyacintha,Kil’mez’,15973
508,Prudence,Jialai,6724
509,Aubrette,Dashiqiao,17562
510,Alfred,Baghlān,9613
511,Karisa,Ōkawa,10304
512,Miriam,North Battleford,16425
513,Kai,Pásion,9876
514,Phip,Sietesz,13939
515,Kaile,Suresnes,12764
516,Alley,Pisz,16227
517,Nerta,Madrid,9014
518,Michaela,Feicheng,1617
519,Dion,Quinta,18916
520,Alfreda,Kabalen,7849
521,Lexine,Doko,6439
522,Angelina,København,15459
523,Jerrie,Manzurka,6239
524,Bess,Helsingborg,16487
525,Zulema,Savyon,2493
526,Carie,Foros de Salvaterra,14233
527,Belvia,Sidareja,5347
528,Cornela,Cabudare,7438
529,Riannon,Espinosa,11172
530,Gearalt,Krzemieniewo,2493
531,Eloisa,Cañas,18491
532,Ashil,Nanmo,8433
533,Janna,Arkalyk,19765
534,Marylinda,Ábrego,17086
535,Corbie,Muriaé,16403
536,Anthea,Bulawayo,7347
537,Babbie,Khairpur,7959
538,Debbie,Dire Dawa,12849
539,Binny,Villeneuve-d'Ascq,3160
540,Myrtie,La Hacienda,3919
541,Talyah,Belopa,16089
542,Edmon,Jiangnan,7317
543,Jacquette,Dalgān,2645
544,Jillie,La Dicha,14075
545,Josepha,Huaidao,7230
546,Humfrey,Cileuya,7218
547,Kingston,Birayang,11509
548,Erma,Bengubelan,16827
549,Myrvyn,Sumurber,4837
550,D'arcy,Leworook,17553
551,Bari,Cristalina,15920
552,Alejoa,Viļaka,16546
553,Dorise,Içara,9991
554,Chrotoem,Zheleznogorsk,19793
555,Sanson,Maloarkhangel’sk,15380
556,Jeffrey,Västanfjärd,2860
557,Belle,Xinying,3702
558,Rudd,Rēzekne,12407
559,Carley,Huazhuang,4155
560,Tracey,Hudson,8749
561,Jacinda,Sypniewo,14670
562,Ashleigh,Bendan,19748
563,Cash,Montgomery,13469
564,Jordan,Bizhbulyak,19067
565,Clotilda,Citalahab,1899
566,Mehetabel,Yoichi,11930
567,Bobine,Nueva Gorgona,7313
568,Sunshine,Zengfu,14740
569,Benn,Alak,15256
570,Philomena,Xiagong,4360
571,Nelli,Ojo de Agua,16896
572,Read,Vilar,7172
573,Emera,San Fernando Apure,10189
574,Irwinn,Higetegera,14817
575,Linet,Phnom Penh,14747
576,Aluin,Fukuyama,14790
577,Robin,Calancuasan Norte,18550
578,Mikkel,Brangsi,4381
579,Moise,Jiangzhou,16909
580,Shelia,Gaoyi,4998
581,Melba,Trashigang,5256
582,Ruben,Kogon,1187
583,Melina,Longkou,6652
584,Orbadiah,Trang,13938
585,Layla,Strömsund,14614
586,Dominique,Nuradilovo,5030
587,Minnaminnie,Bulan,8893
588,Silvester,Isiolo,3365
589,Ossie,Zaoshi,13840
590,Emmy,Sintung Timur,7436
591,Cass,Haapajärvi,8420
592,Stafford,Singaparna,8986
593,Arie,Salima,13611
594,Piotr,Guishan,16297
595,Trudi,Arauca,6084
596,Shayla,Chuhuyiv,2264
597,Lane,Rawawilis,3691
598,Barn,Ndewel,8986
599,Minne,Zangbawa,18116
600,Betta,Novaya Derevnya,9936
601,Calley,Paris 13,14657
602,Izabel,Arauco,19578
603,Hans,Quimper,2426
604,Jelene,Dalianhe,19496
605,Joshuah,Santa Quitéria,11347
606,Alick,Panitan,9283
607,Zackariah,Cicayur,18838
608,Darcey,Yala,12206
609,Rhett,Kuandian,9343
610,Kerwin,Cimrutu,7859
611,Sidnee,Jiangjiazui,3863
612,Gail,Trảng Bàng,10774
613,Maddy,Tofol,14182
614,Wayne,Gatesville,5820
615,Ingrid,Santo Domingo,7091
616,Daveta,El Cacao,7797
617,Sondra,San Juan,14309
618,Avril,Dzyatlava,14457
619,Leesa,Shendang,6492
620,Nikolaos,Chaoyang,16497
621,Carmel,Venda do Alcaide,13947
622,Jasper,Hekou,14350
623,Samaria,Sophia Antipolis,5198
624,Tuesday,Dongping,17345
625,Pren,Lukovë,17148
626,Cass,Dakingari,6866
627,Monty,Ibirama,18990
628,Nicola,Debeljača,6098
629,Filia,Santa,4634
630,Rand,Piippola,1616
631,Sherm,Cerrillos,18371
632,Patin,Sarapul,16424
633,Jany,Emiliano Zapata,17755
634,Diahann,Basar,5312
635,Maury,Zhaowu,10412
636,Lorain,Saboyá,9627
637,Amalle,Maracaçumé,10758
638,Meggy,Buenavista,15265
639,Malvin,Nzega,16334
640,Timotheus,Dūkštas,15273
641,Jourdan,Prudentópolis,1451
642,Allister,Macaíba,19205
643,Fayina,Malianchuan,7257
644,Alexandro,Kirove,7318
645,Raquel,Skhodnya,4968
646,Darlleen,Icó,2860
647,Mariana,Paatan,8973
648,Wanda,Lachowice,13427
649,Geoff,Pospelikha,10265
650,Timmie,Setonokalong,14421
651,Sam,Log,9323
652,Tiffany,Kallinge,11168
653,Nichol,Kacha,7572
654,Estelle,Fengshuling,8656
655,Granger,Khasavyurt,7849
656,Ofelia,Nuquí,19193
657,Patrizio,Taphan Hin,5275
658,Yale,Ribeira do Pombal,17297
659,Mile,Mulifanua,19019
660,Wilmer,Zabaykal’sk,12838
661,Rozamond,Maturín,18107
662,Jeff,Chase,4082
663,Adore,Megati Kelod,2390
664,Myrle,Nanzhang Chengguanzhen,14813
665,Wendi,Kuroishi,14848
666,Del,Sogati,14420
667,Kizzie,Gaozhou,2322
668,Codi,Puhja,1216
669,Dawna,Menzel Jemil,4591
670,Nealy,Mweka,14541
671,Hadleigh,Bagumbayan,18569
672,Clint,Estefania,16035
673,Zelda,Succha,4429
674,Vilma,Mithi,10906
675,Bucky,Bucheon-si,2859
676,Edita,Sanguinheira,4454
677,Anny,Pnikut,13622
678,Kathi,Gandong,5227
679,Marcus,Planken,9425
680,Isabeau,Baisha,14048
681,Guillaume,Tyszowce,18960
682,Valina,Perches,9060
683,Bay,Bagnères-de-Bigorre,8329
684,Vladamir,Boulogne-sur-Mer,4897
685,Jerry,Lafiagi,5215
686,Irene,Przyborów,12445
687,Cirstoforo,Konongo,17983
688,Danni,Santa Cruz De Tenerife,19806
689,Herold,Odiong,12277
690,Melisse,San Antonio Huista,14426
691,Vittorio,Mala Danylivka,1286
692,Wynn,Lushikeng,6163
693,Jobi,Salamá,6867
694,Thebault,Libas,4876
695,Courtnay,Dananyu,18709
696,Catina,Star’,14465
697,Anastasia,Angoulême,11460
698,Krystalle,Prey Veng,14116
699,Haskel,Caicedonia,12576
700,Bunnie,Vallentuna,8130
701,Barny,Opatów,3988
702,Arne,Bedinje,1969
703,Esme,Kampunganyar,12872
704,Guthry,Liliba,13725
705,Janna,Timon,1927
706,Maxine,Balangkayan,4752
707,Hermann,Shuiquan,8157
708,Randene,Lasiana,2037
709,Urson,As Samawah,3920
710,Martha,Gaocheng,9418
711,Minerva,Thuận Nam,11629
712,Nissy,Redange-sur-Attert,17082
713,Kylie,Muarabuliti,14958
714,Cinderella,Baltimore,9443
715,Tracy,Bellevue,16601
716,Gene,Peñal,1079
717,Burr,Chiang Khan,14692
718,Ransom,Ulset,3870
719,Geno,Karakul’,19082
720,Cyndi,Lota,17723
721,Henrie,Södertälje,16213
722,Almire,Pewel Wielka,18824
723,Baily,Jiuchi,10717
724,Vincenz,Orikum,16260
725,Edith,Longotea,10934
726,Nelia,Pizarrete,1671
727,Linzy,Anhai,19138
728,Cassandry,Legaspi,9758
729,Marielle,Kyosai,1811
730,Whitney,Nanmu,19396
731,Audy,São Luís de Montes Belos,15435
732,Loralie,Pechora,11735
733,Daren,Ancol,12273
734,Bunnie,Aubagne,16101
735,Farrell,Biaokou,17495
736,Bar,Petaẖ Tiqwa,17855
737,Aleksandr,Pereira,10010
738,Charlean,Mozirje,13350
739,Reider,Labrador,15118
740,Garrett,Cañete,13799
741,Sadye,Paris 20,1707
742,Pen,Umeå,1248
743,Modesty,Bogra,5359
744,Yoshi,Kivsharivka,12953
745,Tiff,Il’skiy,15177
746,Nikolos,San Pedro,10913
747,Russ,Camlachie,19092
748,Fergus,Milot,17132
749,Ford,Sobradinho,18505
750,Lamond,General Manuel J. Campos,3501
751,Jacquette,Banjar Pangkungkarung Kangin,19217
752,Murdock,Orosh,12505
753,Dun,Anau,12690
754,Norry,Marne-la-Vallée,7809
755,Nadine,Azinhal,1151
756,Cart,Visby,3591
757,Swen,Gangu Chengguanzhen,10052
758,Susanna,Liqi,3566
759,Jaclyn,Sosnovka,17417
760,Mason,Burgeo,18600
761,Filippa,Fundación,8060
762,Ardra,Lagoa,2866
763,Tersina,Cuenca,2340
764,Lorna,Jinhe,14051
765,Bartholomeo,Kīevka,10129
766,Paige,Peña,5682
767,Alta,Baranoa,8166
768,Aridatha,Akunk’,15886
769,Dari,Lang,6239
770,Conant,Nabunturan,6706
771,Kellina,Jingzhou,19324
772,Evanne,Yushu,18745
773,Stacia,Encantado,7951
774,Edwin,San Antonio Oeste,4897
775,Cosmo,Modot,5020
776,Goldina,Santo Isidro,4396
777,Dillie,Zhanjiang,9920
778,Ivan,Guinsadan,9196
779,Nickie,Virolahti,14952
780,Bryn,Tibakisa,9694
781,Kristy,Sruki,16612
782,Gardie,Katumba,7772
783,Wynn,Pangantocan,10517
784,Kristofer,20 de Noviembre,18850
785,Sybil,Asbest,14411
786,Rosco,Xiashu,8548
787,Roddy,Jincheng,18685
788,Elsbeth,Konggar,13845
789,Rois,Kuče,1511
790,Gaile,Yisa,18843
791,Sherlock,Dallas,13245
792,Zacharie,Matanzas,9034
793,Joane,Sātkania,12373
794,Mei,Jiangmen,10325
795,Bron,Youngstown,17634
796,Giustina,Xigangzi,9372
797,Barde,San Pedro,4505
798,Hewie,Terny,11010
799,Casey,Bordeaux,6937
800,Jacki,Bogojevo,13687
801,Hadley,Mozi,11869
802,Tine,Ibaté,12295
803,Trefor,Pereira,3404
804,Prent,Tarasovskiy,11175
805,Chariot,Koktokay,13688
806,Carin,Biguo,11113
807,Benjamin,Talalora,9488
808,Emmye,Rovnoye,12583
809,Felic,Envigado,1629
810,Ashlee,Cruz del Eje,5134
811,Faulkner,Alagoinhas,8208
812,Marigold,Cikadu,7797
813,Adriaens,Wringinsari,16486
814,Vincent,Jacksonville,1299
815,Elnore,Siwa Oasis,10259
816,Paolo,Ymittos,19447
817,Rosene,Tagum,3472
818,Jerri,Pereiros,18616
819,Margit,San Manuel Chaparrón,10841
820,Juan,Akhaldaba,11187
821,Nicolina,Xin’e,16427
822,Timmie,Maliuzui,7265
823,Harland,Pantubig,5590
824,Nikita,Almafuerte,13305
825,Agnes,Namboongan,11850
826,Templeton,Raminho,4825
827,Norby,Santa Fe,17750
828,Madelon,Bahía Honda,9488
829,Dorree,Sukadana Selatan,14616
830,Eba,Atlanta,16300
831,Alexandros,Waepana,1463
832,Jessica,Jaciara,10713
833,Shannon,Dukou,18302
834,Dione,Nova Venécia,12236
835,Esther,Divača,1912
836,Gertrud,Chigoré,11110
837,Olympie,Reims,3182
838,Jecho,Karkkila,6511
839,Pearl,Odiongan,5014
840,Arlyne,Pailou,17792
841,Rhoda,Xiaochi,7730
842,Roselin,Lalagsan,19138
843,Moira,Koloniya Zastav’ye,16075
844,Kissie,Shuishi,7240
845,Elliott,Schœlcher,3891
846,Sapphira,Wuli,2419
847,Nathaniel,Guimbal,18050
848,Norina,Sicaya,16987
849,Vinny,Gračac,18190
850,Carolynn,Mossendjo,15137
851,Clarette,Alaghsas,5414
852,Phillida,Huayacundo Arma,15463
853,Wendeline,Wuxihe,16059
854,Hugues,Shīrvān,19985
855,Rae,Baicun,3108
856,Teddi,Barurao,18878
857,Shandie,Malibago,18304
858,Muhammad,Ḏânan,10123
859,Javier,Ciampea,3403
860,Horten,Zhangpu,13268
861,Miles,Fukuechō,15029
862,Reynard,Casais,2543
863,Durante,Taquile,17459
864,Duff,Malaryta,4378
865,Andriana,Pipa,12778
866,Adorne,Weiyang,16474
867,Arni,La‘l,17865
868,Eunice,Froly,19102
869,Tabina,Coxim,19225
870,Romy,Kasina Wielka,19255
871,Marylou,Janikowo,16669
872,Marquita,Escada,1687
873,Christoforo,Kostrovo,11230
874,Meta,Sapang Buho,10759
875,Delila,Bi’r al Ḩufayy,12935
876,Cate,Grand Rapids,17084
877,Euphemia,San Nicolas,6565
878,Parnell,Amaraji,2019
879,Alphonse,Santa Marta,4274
880,Loy,Málaga,14630
881,Auguste,Xindian,12849
882,Kane,Hikari,6281
883,Eula,Pyatnitskoye,19944
884,Nicky,Imtarfa,2580
885,Libbie,Mmaaf,11113
886,Rickert,Kalāleh,12788
887,Prisca,Kusatsu,1118
888,Barbie,Lixiqiao,16430
889,Janean,Pogórze,15697
890,Haleigh,Shumikha,9203
891,Abigale,Lagoa de Albufeira,15881
892,Claudio,Maskinongé,9616
893,Almeta,Manika,3242
894,Kristal,Akashi,17892
895,Dare,Palomoc,13322
896,Roby,Talagasari,9417
897,Casar,Zhutuo,13800
898,Adrianna,Goragorskiy,2971
899,Bryn,Ibiá,4885
900,Molly,Dunyāpur,17026
901,Jillayne,Novovorontsovka,5286
902,Maureen,Pingtan,3286
903,Eleanor,Ha’erlong,13240
904,Celestia,Guanlu,15535
905,Lamar,Dallas,1938
906,Michal,Huangjin,6143
907,Pepita,Zaymishche,17999
908,Cecilio,Pāvilosta,1391
909,Amil,Trollhättan,19750
910,Annemarie,London,13545
911,Krispin,Cangshan,8030
912,Delinda,Askaniya Nova,16510
913,Nikita,Lille,5272
914,Brande,Nueva Arica,18353
915,Cornell,Dar es Salaam,11706
916,Ezekiel,Sumberrojokrajan,8285
917,Sarah,Yonghe,7450
918,Marni,Longlou,1134
919,Danita,Navotas,3435
920,Archibaldo,Balrothery,2629
921,Maude,Caijiagang,4791
922,Anselm,Ocongate,16169
923,Dedie,Caracal,17293
924,Merle,Kristiansund N,5491
925,Burlie,Pangkalan,16674
926,Abbe,Podhum,3644
927,Doralynne,Sigli,8257
928,Ave,Reutlingen,5598
929,Flo,Akademicheskoe,7349
930,Nester,Goz Beïda,19160
931,Norah,Bogovarovo,19343
932,Tallie,Jinhai,15404
933,Ellene,Promyshlennovskiy,19443
934,Elmore,Wiskitki,13318
935,Paule,Kongsvinger,17447
936,Nancey,Stockholm,7871
937,Brynna,Xiabaishi,17467
938,Rozelle,Hashtpar,12468
939,Erinn,Chicama,18536
940,Riva,Lembursawah,12778
941,Gillian,Liuzhi,11030
942,Judi,Lipce Reymontowskie,13917
943,Petronia,Радолишта,9087
944,Dorey,Przyborów,2584
945,Sophie,Emiliano Zapata,19121
946,Cristian,Sevsk,7834
947,Annabela,Salerno,19513
948,Demetris,Burnaby,12113
949,Marlin,Thị Trấn Cẩm Thủy,15459
950,Gordan,Tanumshede,2994
951,Olivia,Murowana Goślina,3687
952,Mercedes,Saint-Paul,10278
953,Gabi,Songlong,9638
954,Madelene,Minneapolis,16183
955,Otha,Vera Cruz,14934
956,Janela,Guitang,11293
957,Weston,Dafengdui,1128
958,Claire,Alcaldedíaz,16444
959,Kelby,Oslo,7513
960,Rutledge,Patrocinio,19380
961,Everard,Lac du Bonnet,10733
962,Maiga,Vrbno pod Pradědem,15336
963,Hestia,Qianguo,11655
964,Meg,Niono,9008
965,Edna,Gala,4727
966,Zsazsa,Kanashevo,8686
967,Derrick,Ryūō,1865
968,Mignon,Chong’ansi,3148
969,Dorian,Dubu,9710
970,Maisey,Lijia,5704
971,Berni,Montevista,17613
972,Teressa,Lincoln,16694
973,Brand,Cantuk Kidul,5512
974,Eunice,Cherëmukhovo,1732
975,Yasmeen,Klášter,4325
976,Vito,Zihu,3242
977,Nina,Chenjiaba,3201
978,Pierce,Yinyang,2245
979,Mellie,Kedungasem,1289
980,Dottie,Zapod,4826
981,Gabriele,Ciparay,14198
982,Maureene,Seka,6226
983,Susy,Vecumnieki,2816
984,Lorene,Pasirangin Tiga,15336
985,Fanny,Ust’-Dzheguta,19699
986,Niel,Jiangxi,17631
987,Baxy,Tegarenkrajan,8739
988,Hinze,Kotanopan,13887
989,Cale,Vila Franca das Naves,19033
990,Carly,Kiruna,1722
991,Melonie,Korets’,5806
992,Claiborne,Supu,14113
993,Harwilll,Xiaheqing,19771
994,Irvine,Kingston,15266
995,Ross,Komi,19672
996,Aurelea,Volovo,1340
997,Levon,Riung,16657
998,Trina,Apoya,8766
999,Anton,San Rafael,9832
1000,Claretta,Postmasburg,12618
